EAN/UPC-Code,Material,Article,Size,Colour,Effect,Foiling,Motiv ,Description,custom code,origin,packing unit size (pcs),Brutto weight,,Net weight,,price per packing unit,
9003146627804,662780,8116,"MM 14,0",LT.PERI,,,,LE-LB ALL OCTAGONS 14MM,94059110,AT,1800,"1763,472",MG,"1515,278",MG,391,EUR
9003146951374,695137,8115,"MM 14,0",VIOLET,,,,LE-LB ALL OCTAGONS 14MM,94059110,AT,1800,"1925,408",MG,"1593,377",MG,391,EUR
9003146951381,695138,8116,"MM 14,0",VIOLET,,,,LE-LB ALL OCTAGONS 14MM,94059110,AT,1800,"1812,413",MG,"1564,219",MG,391,EUR
9003146964350,696435,8115,"MM 14,0",EMER,,,,LE-LB ALL OCTAGONS 14MM,94059110,AT,1800,"1845,356",MG,"1513,325",MG,391,EUR
9003146964367,696436,8116,"MM 14,0",EMER,,,,LE-LB ALL OCTAGONS 14MM,94059110,AT,1800,"1733,826",MG,"1485,631",MG,391,EUR
9003149433075,943307,8115,"MM 14,0",DK.SAPPH,,,,LE-LB ALL OCTAGONS 14MM,94059110,AT,1800,"1813,239",MG,"1481,208",MG,391,EUR
9003149433082,943308,8116,"MM 14,0",DK.SAPPH,,,,LE-LB ALL OCTAGONS 14MM,94059110,AT,1800,"1702,297",MG,"1454,102",MG,391,EUR
9003149821254,982125,8116,"MM 14,0",CRYSTAL,GOL.SHADOW,,,LE-LB ALL OCTAGONS 14MM,94059110,AT,1800,"1763,472",MG,"1515,278",MG,375,EUR
9003149823012,982301,8116,"MM 14,0",CRYSTAL,SILVSHADE,,,LE-LB ALL OCTAGONS 14MM,94059110,AT,1800,"1763,472",MG,"1515,278",MG,375,EUR
9003149839730,983973,8115,"MM 14,0",CRYSTAL,SILVSHADE,,,LE-LB ALL OCTAGONS 14MM,94059110,AT,1800,"1875,556",MG,"1543,524",MG,375,EUR
9003149839747,983974,8115,"MM 14,0",CRYSTAL,GOL.SHADOW,,,LE-LB ALL OCTAGONS 14MM,94059110,AT,1800,"1875,556",MG,"1543,524",MG,375,EUR
9009650760242,5076024,,,,,,,LE-LB ALL OCTAGONS 14MM,,,0,0,KG,0,KG,0,
9007811344270,1134427,8116,"MM 14,0",CRYSTAL,SILVNIGHT,,,LE-LB ALL OCTAGONS 14MM,94059110,AT,1800,"1763,472",MG,"1515,278",MG,375,EUR
9007811350349,1135034,8115,"MM 14,0",CRYSTAL,SILVNIGHT,,,LE-LB ALL OCTAGONS 14MM,94059110,AT,1800,"1875,556",MG,"1543,524",MG,375,EUR
9007811869803,1186980,8115,"MM 14,0",CRYSTAL,BRONZSHADE,,,LE-LB ALL OCTAGONS 14MM,94059110,AT,1800,"1875,556",MG,"1543,524",MG,375,EUR
9007811869810,1186981,8116,"MM 14,0",CRYSTAL,BRONZSHADE,,,LE-LB ALL OCTAGONS 14MM,94059110,AT,1800,"1763,472",MG,"1515,278",MG,375,EUR
9009650145759,5014575,8116,"MM 14,0",SILK,,,,LE-LB ALL OCTAGONS 14MM,94059110,AT,1800,"1523,475",MG,"1275,281",MG,391,EUR
9009650390425,5039042,8116,"MM 14,0",CRYSTAL,LILAC,,,LE-LB ALL OCTAGONS 14MM,94059110,AT,1800,"1763,472",MG,"1515,278",MG,375,EUR
9009650390470,5039047,8115,"MM 14,0",CRYSTAL,LILAC,,,LE-LB ALL OCTAGONS 14MM,94059110,AT,1800,"1875,556",MG,"1543,524",MG,375,EUR
9009650391477,5039147,8115,"MM 14,0",SILK,,,,LE-LB ALL OCTAGONS 14MM,94059110,AT,1800,"1631,084",MG,"1299,053",MG,391,EUR
9009651014191,5101419,8115,"MM 14,0",CRYSTAL,SILVGLAZE,,,LE-LB ALL OCTAGONS 14MM,94059110,AT,1800,"1875,556",MG,"1543,524",MG,375,EUR
9009651014207,5101420,8116,"MM 14,0",CRYSTAL,SILVGLAZE,,,LE-LB ALL OCTAGONS 14MM,94059110,AT,1800,"1763,472",MG,"1515,278",MG,375,EUR
9009651913692,5191369,8124,"MM 14,0",CRYSTAL,,,,LE-LB ALL OCTAGONS 14MM,94059110,AT*,800,"2,605",G,"1,74",G,254,EUR
9009651913920,5191392,8125,"MM 14,0",CRYSTAL,,,,LE-LB ALL OCTAGONS 14MM,94059110,AT*,800,"2,635",G,"1,77",G,254,EUR
9009651914002,5191400,8126,"MM 14,0",CRYSTAL,,,,LE-LB ALL OCTAGONS 14MM,94059110,AT*,800,"2,199",G,"1,75",G,254,EUR
9009652844070,5284407,8115,"MM 14,0",ARCWHITE,,,,LE-LB ALL OCTAGONS 14MM,94059110,AT,1800,"1573,562",MG,"1241,531",MG,391,EUR
9009652844087,5284408,8116,"MM 14,0",ARCWHITE,,,,LE-LB ALL OCTAGONS 14MM,94059110,AT,1800,"1467,005",MG,"1218,81",MG,391,EUR
9003142658222,265822,8116,"MM 14,0",CRYSTAL,,,,LE-LB ALL OCTAGONS 14MM,94059110,AT,1800,"1763,472",MG,"1515,278",MG,326,EUR
9003142659540,265954,8115,"MM 14,0",CRYSTAL,,,,LE-LB ALL OCTAGONS 14MM,94059110,AT,1800,"1875,556",MG,"1543,524",MG,326,EUR
9003142740422,274042,8116,"MM 14,0",MED.SAPPH,,,,LE-LB ALL OCTAGONS 14MM,94059110,AT,1800,"1765,825",MG,"1517,631",MG,391,EUR
9003142740415,274041,8116,"MM 14,0",LT.TOP.,,,,LE-LB ALL OCTAGONS 14MM,94059110,AT,1800,"1777,589",MG,"1529,395",MG,391,EUR
9003142740408,274040,8116,"MM 14,0",BORDEAUX,,,,LE-LB ALL OCTAGONS 14MM,94059110,AT,1800,"1712,649",MG,"1464,455",MG,391,EUR
9003142740392,274039,8116,"MM 14,0",ANT.GREEN,,,,LE-LB ALL OCTAGONS 14MM,94059110,AT,1800,"1765,825",MG,"1517,631",MG,391,EUR
9003142740385,274038,8115,"MM 14,0",ROSALINE,,,,LE-LB ALL OCTAGONS 14MM,94059110,AT,1800,"1877,952",MG,"1545,921",MG,391,EUR
9003142740378,274037,8115,"MM 14,0",MED.SAPPH,,,,LE-LB ALL OCTAGONS 14MM,94059110,AT,1800,"1877,952",MG,"1545,921",MG,391,EUR
9003142740361,274036,8115,"MM 14,0",LT.TOP.,,,,LE-LB ALL OCTAGONS 14MM,94059110,AT,1800,"1889,936",MG,"1557,905",MG,391,EUR
9003142740439,274043,8116,"MM 14,0",ROSALINE,,,,LE-LB ALL OCTAGONS 14MM,94059110,AT,1800,"1765,825",MG,"1517,631",MG,391,EUR
9003142740453,274045,8115,"MM 14,0",CRYSTAL,BL.AB,,,LE-LB ALL OCTAGONS 14MM,94059110,AT,1800,"1875,556",MG,"1543,524",MG,375,EUR
9003142880487,288048,8115,"MM 14,0",CRYSTAL,GOLD. TEAK,,,LE-LB ALL OCTAGONS 14MM,94059110,AT,1800,"1875,556",MG,"1543,524",MG,375,EUR
9003146627798,662779,8115,"MM 14,0",LT.PERI,,,,LE-LB ALL OCTAGONS 14MM,94059110,AT,1800,"1875,556",MG,"1543,524",MG,391,EUR
9003146322365,632236,8115,"MM 14,0",JET,,,,LE-LB ALL OCTAGONS 14MM,94059110,AT,1800,"1895,209",MG,"1563,178",MG,391,EUR
9003146271274,627127,8116,"MM 14,0",TOP,,,,LE-LB ALL OCTAGONS 14MM,94059110,AT,1800,"1424,652",MG,"1176,458",MG,391,EUR
9003146271267,627126,8115,"MM 14,0",TOP,,,,LE-LB ALL OCTAGONS 14MM,94059110,AT,1800,"1530,419",MG,"1198,388",MG,391,EUR
9003142659892,265989,8117,"MM 14,0",CRYSTAL,,,,LE-LB ALL OCTAGONS 14MM,94059110,AT*,1800,"1732,222",MG,"1513,889",MG,326,EUR
9003142740347,274034,8115,"MM 14,0",ANT.GREEN,,,,LE-LB ALL OCTAGONS 14MM,94059110,AT,1800,"1877,952",MG,"1545,921",MG,391,EUR
9003142740354,274035,8115,"MM 14,0",BORDEAUX,,,,LE-LB ALL OCTAGONS 14MM,94059110,AT,1800,"1823,786",MG,"1491,754",MG,391,EUR
9003146271212,627121,8116,"MM 14,0",BL.VIOLET,,,,LE-LB ALL OCTAGONS 14MM,94059110,AT,1800,"1848,177",MG,"1599,983",MG,391,EUR
9003146271205,627120,8115,"MM 14,0",BL.VIOLET,,,,LE-LB ALL OCTAGONS 14MM,94059110,AT,1800,"1961,839",MG,"1629,808",MG,391,EUR
9003146260643,626064,8116,"MM 14,0",JET,,,,LE-LB ALL OCTAGONS 14MM,94059110,AT,1800,"1782,766",MG,"1534,572",MG,391,EUR
9003142947944,294794,8116,"MM 14,0",CRYSTAL,BL.AB,,,LE-LB ALL OCTAGONS 14MM,94059110,AT,1800,"1763,472",MG,"1515,278",MG,375,EUR
9003142880494,288049,8116,"MM 14,0",CRYSTAL,GOLD. TEAK,,,LE-LB ALL OCTAGONS 14MM,94059110,AT,1800,"1763,472",MG,"1515,278",MG,375,EUR
9009650760211,5076021,,,,,,,LE-LB OCTAGONS OTHER SIZES,,,0,0,KG,0,KG,0,
9009651913968,5191396,8125,"MM 20,0",CRYSTAL,,,,LE-LB OCTAGONS OTHER SIZES,94059110,AT*,280,"7,125",G,"5,2",G,178,EUR
9003142660003,266000,8118,"MM 16,0",CRYSTAL,,,,LE-LB OCTAGONS OTHER SIZES,94059110,AT*,1000,"2,55",G,"2,15",G,323,EUR
9003142659915,265991,8117,"MM 16,0",CRYSTAL,,,,LE-LB OCTAGONS OTHER SIZES,94059110,AT*,1000,2550,MG,"2084,722",MG,323,EUR
9003142659885,265988,8115,"MM 60,0",CRYSTAL,,,,LE-LB OCTAGONS OTHER SIZES,94059110,AT*,20,"136,25",G,"117,3",G,152,EUR
9003142659878,265987,8115,"MM 50,0",CRYSTAL,,,,LE-LB OCTAGONS OTHER SIZES,94059110,AT*,20,90,G,"71,5",G,"95,1",EUR
9003142659861,265986,8115,"MM 40,0",CRYSTAL,,,,LE-LB OCTAGONS OTHER SIZES,94059110,AT*,56,"42,143",G,"35,536",G,222,EUR
9003142659847,265984,8115,"MM 30,0",CRYSTAL,,,,LE-LB OCTAGONS OTHER SIZES,94059110,AT*,125,"19,456",G,"16,896",G,199,EUR
9003142659816,265981,8115,"MM 28,0",CRYSTAL,,,,LE-LB OCTAGONS OTHER SIZES,94059110,AT*,150,"15,067",G,"12,133",G,199,EUR
9003142659779,265977,8115,"MM 26,0",CRYSTAL,,,,LE-LB OCTAGONS OTHER SIZES,94059110,AT*,240,"11,346",G,"9,9",G,265,EUR
9003142659731,265973,8115,"MM 24,0",CRYSTAL,,,,LE-LB OCTAGONS OTHER SIZES,94059110,AT*,300,"9,333",G,"8,276",G,276,EUR
9009652568198,5256819,8114,"MM175,0",CRYSTAL,,,,LE-LB OCTAGONS OTHER SIZES,94059110,AT*,1,"2206,4",G,"2206,4",G,169,EUR
9003142659663,265966,8115,"MM 18,0",CRYSTAL,,,,LE-LB OCTAGONS OTHER SIZES,94059110,AT*,600,"3,6",G,"3,233",G,252,EUR
9003142659700,265970,8115,"MM 20,0",CRYSTAL,,,,LE-LB OCTAGONS OTHER SIZES,94059110,AT*,420,"5,286",G,"4,524",G,229,EUR
9003142659557,265955,8115,"MM 16,0",CRYSTAL,,,,LE-LB OCTAGONS OTHER SIZES,94059110,AT*,1000,2550,MG,2180,MG,323,EUR
9003142657737,265773,8116,"MM 32,0",CRYSTAL,,,,LE-LB OCTAGONS OTHER SIZES,94059110,AT*,125,"22,72",G,"16,896",G,239,EUR
9003142658093,265809,8116,"MM 10,0",CRYSTAL,,,,LE-LB OCTAGONS OTHER SIZES,94059110,AT,3000,"681,867",MG,"545,5",MG,533,EUR
9003142658147,265814,8116,"MM 12,0",CRYSTAL,,,,LE-LB OCTAGONS OTHER SIZES,94059110,AT*,2600,"1096,667",MG,"916,667",MG,467,EUR
9003142658307,265830,8116,"MM 16,0",CRYSTAL,,,,LE-LB OCTAGONS OTHER SIZES,94059110,AT*,1000,2550,MG,"2104,861",MG,323,EUR
9003142658376,265837,8116,"MM 18,0",CRYSTAL,,,,LE-LB OCTAGONS OTHER SIZES,94059110,AT*,600,"3,633",G,"3,233",G,252,EUR
9003142658406,265840,8116,"MM 20,0",CRYSTAL,,,,LE-LB OCTAGONS OTHER SIZES,94059110,AT*,420,"5,286",G,"4,524",G,229,EUR
9003142658444,265844,8116,"MM 22,0",CRYSTAL,,,,LE-LB OCTAGONS OTHER SIZES,94059110,AT*,350,"6,686",G,"5,771",G,248,EUR
9003142658451,265845,8116,"MM 24,0",CRYSTAL,,,,LE-LB OCTAGONS OTHER SIZES,94059110,AT*,300,"8,8",G,"8,267",G,276,EUR
9003142659380,265938,8116,"MM 26,0",CRYSTAL,,,,LE-LB OCTAGONS OTHER SIZES,94059110,AT*,240,"10,75",G,"9,9",G,265,EUR
9003142659397,265939,8116,"MM 28,0",CRYSTAL,,,,LE-LB OCTAGONS OTHER SIZES,94059110,AT*,150,"15,067",G,"12,133",G,199,EUR
9003142659403,265940,8116,"MM 30,0",CRYSTAL,,,,LE-LB OCTAGONS OTHER SIZES,94059110,AT*,125,"19,096",G,"15,92",G,199,EUR
9003142659410,265941,8116,"MM 60,0",CRYSTAL,,,,LE-LB OCTAGONS OTHER SIZES,94059110,AT*,20,"136,25",G,"117,3",G,152,EUR
9003142659427,265942,8116,"MM 34,0",CRYSTAL,,,,LE-LB OCTAGONS OTHER SIZES,94059110,AT*,100,"27,1",G,"23,6",G,229,EUR
9003142659434,265943,8116,"MM 36,0",CRYSTAL,,,,LE-LB OCTAGONS OTHER SIZES,94059110,AT*,80,31,G,"27,125",G,220,EUR
9003142659458,265945,8116,"MM 38,0",CRYSTAL,,,,LE-LB OCTAGONS OTHER SIZES,94059110,AT*,80,36,G,"32,125",G,264,EUR
9003142659465,265946,8116,"MM 40,0",CRYSTAL,,,,LE-LB OCTAGONS OTHER SIZES,94059110,AT*,56,"42,143",G,"35,536",G,222,EUR
9003142659472,265947,8116,"MM 50,0",CRYSTAL,,,,LE-LB OCTAGONS OTHER SIZES,94059110,AT*,20,90,G,"71,5",G,"95,1",EUR
9003142659533,265953,8115,"MM 12,0",CRYSTAL,,,,LE-LB OCTAGONS OTHER SIZES,94059110,AT*,2600,"1138,462",MG,"894,444",MG,467,EUR
9003142659717,265971,8115,"MM 22,0",CRYSTAL,,,,LE-LB OCTAGONS OTHER SIZES,94059110,AT*,350,"7,029",G,"5,771",G,248,EUR
9009652792098,5279209,8125/G,"MM 22,0",CRYSTAL,,,,LE-LB OCTAGONS OTHER SIZES,94059110,AT*,210,"8,272",G,"6,51",G,193,EUR
9009652791985,5279198,8124/G,"MM 18,0",CRYSTAL,,,,LE-LB OCTAGONS OTHER SIZES,94059110,AT*,400,"4,457",G,"3,47",G,232,EUR
9009652374584,5237458,8125,"MM 22,0",CRYSTAL,,,,LE-LB OCTAGONS OTHER SIZES,94059110,AT*,210,"8,272",G,"6,51",G,168,EUR
9009651914101,5191410,8126,"MM 24,0",CRYSTAL,,,,LE-LB OCTAGONS OTHER SIZES,94059110,AT*,150,"11,04",G,"8,74",G,151,EUR
9009651914088,5191408,8126,"MM 22,0",CRYSTAL,,,,LE-LB OCTAGONS OTHER SIZES,94059110,AT*,210,"8,232",G,"6,47",G,168,EUR
9009651914064,5191406,8126,"MM 20,0",CRYSTAL,,,,LE-LB OCTAGONS OTHER SIZES,94059110,AT*,280,"7,105",G,"5,18",G,178,EUR
9009651914040,5191404,8126,"MM 18,0",CRYSTAL,,,,LE-LB OCTAGONS OTHER SIZES,94059110,AT*,400,"4,497",G,"3,51",G,202,EUR
9009651914026,5191402,8126,"MM 16,0",CRYSTAL,,,,LE-LB OCTAGONS OTHER SIZES,94059110,AT*,540,"3,438",G,"2,66",G,216,EUR
9009651913982,5191398,8125,"MM 24,0",CRYSTAL,,,,LE-LB OCTAGONS OTHER SIZES,94059110,AT*,150,"10,813",G,"8,78",G,151,EUR
9009652792159,5279215,8126/G,"MM 22,0",CRYSTAL,,,,LE-LB OCTAGONS OTHER SIZES,94059110,AT*,210,"8,192",G,"6,43",G,193,EUR
9009651913944,5191394,8125,"MM 18,0",CRYSTAL,,,,LE-LB OCTAGONS OTHER SIZES,94059110,AT*,400,"4,527",G,"3,54",G,202,EUR
9009651913906,5191390,8124,"MM 40,0",CRYSTAL,,,,LE-LB OCTAGONS OTHER SIZES,94059110,AT*,30,"49,68",G,"38,88",G,"95,4",EUR
9009651913883,5191388,8124,"MM 36,0",CRYSTAL,,,,LE-LB OCTAGONS OTHER SIZES,94059110,AT*,72,"33,237",G,"27,64",G,182,EUR
9009651913869,5191386,8124,"MM 32,0",CRYSTAL,,,,LE-LB OCTAGONS OTHER SIZES,94059110,AT*,96,"25,582",G,"21,28",G,198,EUR
9009651913838,5191383,8124,"MM 28,0",CRYSTAL,,,,LE-LB OCTAGONS OTHER SIZES,94059110,AT*,96,"16,678",G,"12,48",G,154,EUR
9009651913807,5191380,8124,"MM 24,0",CRYSTAL,,,,LE-LB OCTAGONS OTHER SIZES,94059110,AT*,150,"10,99",G,"8,69",G,151,EUR
9009651913784,5191378,8124,"MM 22,0",CRYSTAL,,,,LE-LB OCTAGONS OTHER SIZES,94059110,AT*,210,"8,192",G,"6,43",G,168,EUR
9009651913753,5191375,8124,"MM 20,0",CRYSTAL,,,,LE-LB OCTAGONS OTHER SIZES,94059110,AT*,280,"7,055",G,"5,13",G,178,EUR
9009651913739,5191373,8124,"MM 18,0",CRYSTAL,,,,LE-LB OCTAGONS OTHER SIZES,94059110,AT*,400,"4,457",G,"3,47",G,202,EUR
9009651913715,5191371,8124,"MM 16,0",CRYSTAL,,,,LE-LB OCTAGONS OTHER SIZES,94059110,AT*,540,"3,408",G,"2,63",G,216,EUR
9003142508510,250851,8558,"MM 70,0",CRYSTAL,,,,LE-LB BALLS,94059110,AT,1,630,G,560,G,"39,8",EUR
9003142508527,250852,8558,"MM100,0",CRYSTAL,,,,LE-LB BALLS,94059110,AT,1,1780,G,1630,G,275,EUR
9003142620229,262022,8558,"MM 20,0",ANT.GREEN,,,,LE-LB BALLS,94059110,AT,144,"14,887",G,"12,019",G,389,EUR
9003142620236,262023,8558,"MM 20,0",MED.SAPPH,,,,LE-LB BALLS,94059110,AT,144,"14,887",G,"12,019",G,389,EUR
9003142620243,262024,8558,"MM 20,0",ROSALINE,,,,LE-LB BALLS,94059110,AT,144,"14,887",G,"12,019",G,389,EUR
9003142620250,262025,8558,"MM 20,0",LT.TOP.,,,,LE-LB BALLS,94059110,AT,144,"14,98",G,"12,112",G,389,EUR
9003142620267,262026,8558,"MM 20,0",BORDEAUX,,,,LE-LB BALLS,94059110,AT,144,"14,466",G,"11,598",G,389,EUR
9003146627828,662782,8558,"MM 20,0",LT.PERI,,,,LE-LB BALLS,94059110,AT,144,"14,868",G,12,G,389,EUR
9003142620304,262030,8558,"MM 30,0",ANT.GREEN,,,,LE-LB BALLS,94059110,AT,48,"50,065",G,"43,648",G,229,EUR
9003142620311,262031,8558,"MM 30,0",BORDEAUX,,,,LE-LB BALLS,94059110,AT,48,"48,535",G,"42,118",G,229,EUR
9003142620328,262032,8558,"MM 30,0",LT.TOP.,,,,LE-LB BALLS,94059110,AT,48,"50,403",G,"43,986",G,229,EUR
9003142508503,250850,8558,"MM 60,0",CRYSTAL,,,,LE-LB BALLS,94059110,AT,5,410,G,350,G,117,EUR
9003142491041,249104,8558,"MM 50,0",CRYSTAL,,,,LE-LB BALLS,94059110,AT,12,"232,5",G,204,G,165,EUR
9003142491034,249103,8558,"MM 40,0",CRYSTAL,,,,LE-LB BALLS,94059110,AT,40,"113,025",G,104,G,281,EUR
9003142491027,249102,8558,"MM 30,0",CRYSTAL,,,,LE-LB BALLS,94059110,AT,48,"49,997",G,"43,58",G,190,EUR
9003142491010,249101,8558,"MM 20,0",CRYSTAL,,,,LE-LB BALLS,94059110,AT,144,"14,868",G,12,G,323,EUR
9003149433112,943311,8558,"MM 20,0",DK.SAPPH,,,,LE-LB BALLS,94059110,AT,144,"14,384",G,"11,516",G,389,EUR
9003149433129,943312,8558,"MM 30,0",DK.SAPPH,,,,LE-LB BALLS,94059110,AT,48,"48,238",G,"41,821",G,229,EUR
9003149821346,982134,8558,"MM 40,0",CRYSTAL,GOL.SHADOW,,,LE-LB BALLS,94059110,AT,40,"113,025",G,104,G,323,EUR
9003146627842,662784,8558,"MM 30,0",LT.PERI,,,,LE-LB BALLS,94059110,AT,48,"49,997",G,"43,58",G,229,EUR
9003146627859,662785,8558,"MM 40,0",LT.PERI,,,,LE-LB BALLS,94059110,AT,40,"113,025",G,104,G,337,EUR
9003149878715,987871,8558,"MM 30,0",CRYSTAL,GOL.SHADOW,,,LE-LB BALLS,94059110,AT,48,"49,997",G,"43,58",G,219,EUR
9003146627927,662792,8558,"MM 40,0",BORDEAUX,,,,LE-LB BALLS,94059110,AT,40,"109,537",G,"100,512",G,337,EUR
9003142620335,262033,8558,"MM 30,0",MED.SAPPH,,,,LE-LB BALLS,94059110,AT,48,"50,065",G,"43,648",G,229,EUR
9003146260599,626059,8558,"MM 40,0",TOP,,,,LE-LB BALLS,94059110,AT,40,"89,77",G,"80,745",G,337,EUR
9003146261053,626105,8558,"MM 40,0",BL.VIOLET,,,,LE-LB BALLS,94059110,AT,40,"94,29",G,"91,29",G,337,EUR
9003146264597,626459,8558,"MM 30,0",BL.VIOLET,,,,LE-LB BALLS,94059110,AT,48,"52,433",G,"46,016",G,229,EUR
9003146964381,696438,8558,"MM 30,0",EMER,,,,LE-LB BALLS,94059110,AT,48,"49,144",G,"42,727",G,229,EUR
9003146271229,627122,8558,"MM 20,0",BL.VIOLET,,,,LE-LB BALLS,94059110,AT,144,"15,539",G,"12,671",G,389,EUR
9003146964398,696439,8558,"MM 40,0",EMER,,,,LE-LB BALLS,94059110,AT,40,"110,99",G,"101,965",G,337,EUR
9003148892279,889227,8558,"MM 40,0",CRYSTAL,GOLD. TEAK,,,LE-LB BALLS,94059110,AT,40,"113,025",G,104,G,323,EUR
9003146271281,627128,8558,"MM 20,0",TOP,,,,LE-LB BALLS,94059110,AT,144,"12,185",G,"9,317",G,389,EUR
9003146271342,627134,8558,"MM 30,0",TOP,,,,LE-LB BALLS,94059110,AT,48,"40,252",G,"33,835",G,229,EUR
9003146964374,696437,8558,"MM 20,0",EMER,,,,LE-LB BALLS,94059110,AT,144,"14,633",G,"11,765",G,389,EUR
9003146951459,695145,8558,"MM 20,0",VIOLET,,,,LE-LB BALLS,94059110,AT,144,"15,256",G,"12,388",G,389,EUR
9003146794285,679428,8558,"MM 30,0",CRYSTAL,GOLD. TEAK,,,LE-LB BALLS,94059110,AT,48,"49,997",G,"43,58",G,219,EUR
9003146951473,695147,8558,"MM 40,0",VIOLET,,,,LE-LB BALLS,94059110,AT,40,"94,85",G,"91,43",G,337,EUR
9003146951466,695146,8558,"MM 30,0",VIOLET,,,,LE-LB BALLS,94059110,AT,48,"51,405",G,"44,988",G,229,EUR
9003146502736,650273,8558,"MM 20,0",JET,,,,LE-LB BALLS,94059110,AT,144,"15,021",G,"12,153",G,389,EUR
9003146502743,650274,8558,"MM 30,0",JET,,,,LE-LB BALLS,94059110,AT,48,"50,552",G,"44,135",G,229,EUR
9003146502750,650275,8558,"MM 40,0",JET,,,,LE-LB BALLS,94059110,AT,40,"114,349",G,"105,324",G,337,EUR
9003142620434,262043,8558,"MM 40,0",ROSALINE,,,,LE-LB BALLS,94059110,AT,40,"95,25",G,"92,25",G,337,EUR
9003142620427,262042,8558,"MM 40,0",MED.SAPPH,,,,LE-LB BALLS,94059110,AT,40,"95,72",G,"92,72",G,337,EUR
9003142620410,262041,8558,"MM 40,0",LT.TOP.,,,,LE-LB BALLS,94059110,AT,40,"113,994",G,"104,969",G,337,EUR
9003142620403,262040,8558,"MM 40,0",ANT.GREEN,,,,LE-LB BALLS,94059110,AT,40,"92,73",G,"89,73",G,337,EUR
9003142620359,262035,8558,"MM 40,0",CRYSTAL,BL.AB,,,LE-LB BALLS,94059110,AT,40,"95,14",G,"92,14",G,323,EUR
9003142620342,262034,8558,"MM 30,0",ROSALINE,,,,LE-LB BALLS,94059110,AT,48,"50,065",G,"43,648",G,229,EUR
9009651014221,5101422,8558,"MM 40,0",CRYSTAL,SILVGLAZE,,,LE-LB BALLS,94059110,AT,40,"113,025",G,104,G,323,EUR
9009651014214,5101421,8558,"MM 30,0",CRYSTAL,SILVGLAZE,,,LE-LB BALLS,94059110,AT,48,"49,997",G,"43,58",G,219,EUR
9009652792210,5279221,8558/G,"MM 30,0",CRYSTAL,,,,LE-LB BALLS,94059110,AT,48,"49,997",G,"43,58",G,219,EUR
9009652792227,5279222,8558/G,"MM 40,0",CRYSTAL,,,,LE-LB BALLS,94059110,AT,40,"113,025",G,104,G,323,EUR
9009650391552,5039155,8558,"MM 40,0",SILK,,,,LE-LB BALLS,94059110,AT,40,"96,553",G,"87,528",G,337,EUR
9009650391521,5039152,8558,"MM 30,0",SILK,,,,LE-LB BALLS,94059110,AT,48,"43,095",G,"36,678",G,229,EUR
9009652844100,5284410,8558,"MM 30,0",ARCWHITE,,,,LE-LB BALLS,94059110,AT,48,"41,47",G,"35,053",G,229,EUR
9003142620298,262029,8558,"MM 30,0",CRYSTAL,BL.AB,,,LE-LB BALLS,94059110,AT,48,"49,997",G,"43,58",G,219,EUR
9003142620274,262027,8558,"MM 20,0",CRYSTAL,BL.AB,,,LE-LB BALLS,94059110,AT,144,"14,868",G,12,G,373,EUR
9009650391507,5039150,8558,"MM 20,0",SILK,,,,LE-LB BALLS,94059110,AT,144,"12,967",G,"10,099",G,389,EUR
9009650760228,5076022,,,,,,,LE-LB BALLS,,,0,0,KG,0,KG,0,
9007810027648,1002764,8558,"MM 40,0",DK.SAPPH,,,,LE-LB BALLS,94059110,AT,40,"108,826",G,"99,801",G,337,EUR
9003141592121,159212,8560,"MM 50,0",CRYSTAL,,,,LE-LB BALLS,94059110,AT,28,"93,866",G,"82,83",G,182,EUR
9003141592114,159211,8560,"MM 40,0",CRYSTAL,,,,LE-LB BALLS,94059110,AT,48,"50,792",G,"43,762",G,139,EUR
9003141590547,159054,8560,"MM 30,0",CRYSTAL,,,,LE-LB BALLS,94059110,AT,144,"18,856",G,"15,998",G,119,EUR
9003141592176,159217,8611,"MM100,0X 20,0",CRYSTAL,,,,LE-LB DROPS,94059110,AT,48,"38,869",G,"32,702",G,283,EUR
9003141592206,159220,8621,"MM 63,0X 21,0",CRYSTAL,,,,LE-LB DROPS,94059110,AT,90,"32,333",G,"26,906",G,350,EUR
9003141592220,159222,8671,"MM 63,0X 16,0",CRYSTAL,,,,LE-LB DROPS,94059110,AT,125,"20,48",G,"15,897",G,401,EUR
9003141592237,159223,8671,"MM 76,0X 20,0",CRYSTAL,,,,LE-LB DROPS,94059110,AT,48,30,G,"26,523",G,247,EUR
9003141592152,159215,8611,"MM 50,0X 14,0",CRYSTAL,,,,LE-LB DROPS,94059110,AT,150,"12,8",G,"11,13",G,232,EUR
9003141592145,159214,8611,"MM 40,0X 11,0",CRYSTAL,,,,LE-LB DROPS,94059110,AT,336,"6,361",G,"5,26",G,275,EUR
9003141592138,159213,8611,"MM 18,0X  7,5",CRYSTAL,,,,LE-LB DROPS,94059110,AT,1620,"1488,812",MG,"1232,639",MG,924,EUR
9003141592169,159216,8611,"MM 63,0X 13,0",CRYSTAL,,,,LE-LB DROPS,94059110,AT,150,"13,98",G,"11,899",G,344,EUR
9003149412964,941296,8611,"MM 40,0X 11,0",TOP,,,,LE-LB DROPS,94059110,AT,336,"5,185",G,"4,084",G,331,EUR
9003149412971,941297,8611,"MM 40,0X 11,0",BL.VIOLET,,,,LE-LB DROPS,94059110,AT,336,"6,655",G,"5,554",G,331,EUR
9003142477410,247741,8611,"MM 40,0X 11,0",LT.TOP.,,,,LE-LB DROPS,94059110,AT,336,"6,41",G,"5,309",G,331,EUR
9003146248566,624856,8611,"MM 40,0X 11,0",JET,,,,LE-LB DROPS,94059110,AT,336,"6,428",G,"5,327",G,331,EUR
9003141590523,159052,8621,"MM 38,0X 14,0",CRYSTAL,,,,LE-LB DROPS,94059110,AT,288,"8,735",G,"7,537",G,238,EUR
9003149433136,943313,8611,"MM 40,0X 11,0",DK.SAPPH,,,,LE-LB DROPS,94059110,AT,336,"6,149",G,"5,048",G,331,EUR
9003141590400,159040,8601,"MM 38,0X 16,0",CRYSTAL,,,,LE-LB DROPS,94059110,AT,150,"13,067",G,"11,642",G,143,EUR
9007811365664,1136566,8611,"MM 40,0X 11,0",CRYSTAL,GOL.SHADOW,,,LE-LB DROPS,94059110,AT,336,"6,361",G,"5,26",G,317,EUR
9003141587370,158737,8641,"MM 20,0X 12,0",CRYSTAL,,,,LE-LB DROPS,94059110,AT,600,"3,819",G,"3,004",G,393,EUR
9003142079430,207943,8611,"MM 40,0X 11,0",ANT.GREEN,,,,LE-LB DROPS,94059110,AT,336,"6,369",G,"5,268",G,331,EUR
9009650760181,5076018,,,,,,,LE-LB DROPS,,,0,0,KG,0,KG,0,
9003146811609,681160,8611,"MM 40,0X 11,0",CRYSTAL,GOLD. TEAK,,,LE-LB DROPS,94059110,AT,336,"6,361",G,"5,26",G,317,EUR
9003146573774,657377,8611,"MM 50,0X 14,0",CRYSTAL,GOLD. TEAK,,,LE-LB DROPS,94059110,AT,150,"12,8",G,"11,13",G,266,EUR
9003141786643,178664,8611,"MM 40,0X 11,0",ROSALINE,,,,LE-LB DROPS,94059110,AT,336,"6,369",G,"5,268",G,331,EUR
9003141703008,170300,8611,"MM 40,0X 11,0",CRYSTAL,BL.AB,,,LE-LB DROPS,94059110,AT,336,"6,361",G,"5,26",G,317,EUR
9009651014276,5101427,8611,"MM 40,0X 11,0",CRYSTAL,SILVGLAZE,,,LE-LB DROPS,94059110,AT,336,"6,361",G,"5,26",G,317,EUR
9003146793226,679322,8611,"MM 63,0X 13,0",CRYSTAL,GOLD. TEAK,,,LE-LB DROPS,94059110,AT,150,"13,98",G,"11,899",G,395,EUR
9003146619069,661906,8611,"MM 40,0X 11,0",BORDEAUX,,,,LE-LB DROPS,94059110,AT,336,"6,185",G,"5,084",G,331,EUR
9003141828084,182808,8611,"MM 40,0X 11,0",MED.SAPPH,,,,LE-LB DROPS,94059110,AT,336,"6,369",G,"5,268",G,331,EUR
9003149084598,908459,8611,"MM100,0X 20,0",CRYSTAL,GOLD. TEAK,,,LE-LB DROPS,94059110,AT,48,"38,869",G,"32,702",G,326,EUR
9003146860850,686085,8611,"MM 40,0X 11,0",LT.PERI,,,,LE-LB DROPS,94059110,AT,336,"6,361",G,"5,26",G,331,EUR
9009650760204,5076020,,,,,,,LE-LB PEAR SHAPES,,,0,0,KG,0,KG,0,
9009650390449,5039044,8721,"MM 63,0X 37,0",CRYSTAL,LILAC,,,LE-LB PEAR SHAPES,94059110,AT,45,"68,248",G,"60,737",G,300,EUR
9009650390494,5039049,8721,"MM 38,0X 22,0",CRYSTAL,LILAC,,,LE-LB PEAR SHAPES,94059110,AT,192,"13,666",G,"11,869",G,409,EUR
9009650390524,5039052,8721,"MM 50,0X 29,0",CRYSTAL,LILAC,,,LE-LB PEAR SHAPES,94059110,AT,72,"36,389",G,"29,21",G,236,EUR
9003146619144,661914,8721,"MM 38,0X 22,0",BORDEAUX,,,,LE-LB PEAR SHAPES,94059110,XS,192,"13,268",G,"11,471",G,427,EUR
9009650391798,5039179,8721,"MM 28,0X 17,0",SILK,,,,LE-LB PEAR SHAPES,94059110,AT,400,"5,866",G,"4,3",G,663,EUR
9003148442405,844240,8721,"MM 28,0X 17,0",EMER,,,,LE-LB PEAR SHAPES,94059110,AT,400,"6,575",G,"5,009",G,663,EUR
9003146933127,693312,8721,"MM 63,0X 37,0",TOP,,,,LE-LB PEAR SHAPES,94059110,XS,45,"54,667",G,"47,156",G,314,EUR
9007811869889,1186988,8721,"MM 63,0X 37,0",CRYSTAL,BRONZSHADE,,,LE-LB PEAR SHAPES,94059110,AT,45,"68,248",G,"60,737",G,300,EUR
9007811869872,1186987,8721,"MM 50,0X 29,0",CRYSTAL,BRONZSHADE,,,LE-LB PEAR SHAPES,94059110,AT,72,"36,389",G,"29,21",G,236,EUR
9003149823203,982320,8721,"MM 63,0X 37,0",CRYSTAL,SILVSHADE,,,LE-LB PEAR SHAPES,94059110,AT,45,"68,248",G,"60,737",G,300,EUR
9003149823210,982321,8721,"MM 76,0X 44,0",CRYSTAL,SILVSHADE,,,LE-LB PEAR SHAPES,94059110,AT,30,121,G,"98,902",G,313,EUR
9003149823234,982323,8721,"MM 89,0X 52,0",CRYSTAL,SILVSHADE,,,LE-LB PEAR SHAPES,94059110,AT,21,"147,333",G,133,G,266,EUR
9003148442368,844236,8721,"MM 50,0X 29,0",BORDEAUX,,,,LE-LB PEAR SHAPES,94059110,AT,72,"35,409",G,"28,23",G,248,EUR
9007811869865,1186986,8721,"MM 38,0X 22,0",CRYSTAL,BRONZSHADE,,,LE-LB PEAR SHAPES,94059110,AT,192,"13,666",G,"11,869",G,409,EUR
9003146860898,686089,8721,"MM 28,0X 17,0",LT.PERI,,,,LE-LB PEAR SHAPES,94059110,AT,400,"6,675",G,"5,109",G,663,EUR
9003146860904,686090,8721,"MM 38,0X 22,0",LT.PERI,,,,LE-LB PEAR SHAPES,94059110,XS,192,"13,666",G,"11,869",G,427,EUR
9003146872259,687225,8721,"MM 28,0X 17,0",BL.VIOLET,,,,LE-LB PEAR SHAPES,94059110,AT,400,"6,961",G,"5,395",G,663,EUR
9003142874226,287422,8721,"MM125,0X 73,0",CRYSTAL,,,,LE-LB PEAR SHAPES,94059110,AT,6,"436,667",G,380,G,228,EUR
9009651014252,5101425,8721,"MM 63,0X 37,0",CRYSTAL,SILVGLAZE,,,LE-LB PEAR SHAPES,94059110,AT,45,"68,248",G,"60,737",G,300,EUR
9003146271328,627132,8721,"MM 38,0X 22,0",TOP,,,,LE-LB PEAR SHAPES,94059110,XS,192,"11,012",G,"9,215",G,427,EUR
9009651014245,5101424,8721,"MM 50,0X 29,0",CRYSTAL,SILVGLAZE,,,LE-LB PEAR SHAPES,94059110,AT,72,"36,389",G,"29,21",G,236,EUR
9009651014238,5101423,8721,"MM 38,0X 22,0",CRYSTAL,SILVGLAZE,,,LE-LB PEAR SHAPES,94059110,AT,192,"13,666",G,"11,869",G,409,EUR
9003146271168,627116,8721,"MM 38,0X 22,0",BL.VIOLET,,,,LE-LB PEAR SHAPES,94059110,XS,192,"14,329",G,"12,532",G,427,EUR
9003146271151,627115,8721,"MM 50,0X 29,0",BL.VIOLET,,,,LE-LB PEAR SHAPES,94059110,AT,72,"38,022",G,"30,843",G,248,EUR
9003146262425,626242,8721,"MM 50,0X 29,0",TOP,,,,LE-LB PEAR SHAPES,94059110,AT,72,"29,858",G,"22,679",G,248,EUR
9009652792180,5279218,8755/G,"MM 50,0X 31,0",CRYSTAL,,,,LE-LB PEAR SHAPES,94059110,AT*,126,"22,974",G,"19,823",G,505,EUR
9009650795381,5079538,8721,"MM150,0X 88,0",CRYSTAL,,,,LE-LB PEAR SHAPES,94059110,AT,2,"726,4",G,"606,9",G,107,EUR
9003146325403,632540,8721,"MM 89,0X 52,0",CRYSTAL,BL.AB,,,LE-LB PEAR SHAPES,94059110,AT,21,"147,333",G,133,G,266,EUR
9003146523236,652323,8721,"MM 28,0X 17,0",TOP,,,,LE-LB PEAR SHAPES,94059110,AT,400,"5,533",G,"3,967",G,663,EUR
9003146216169,621616,8721,"MM 50,0X 29,0",JET,,,,LE-LB PEAR SHAPES,94059110,AT,72,"36,761",G,"29,582",G,248,EUR
9003146216152,621615,8721,"MM 28,0X 17,0",JET,,,,LE-LB PEAR SHAPES,94059110,AT,400,"6,74",G,"5,174",G,663,EUR
9003146216084,621608,8721,"MM 28,0X 17,0",CRYSTAL,GOLD. TEAK,,,LE-LB PEAR SHAPES,94059110,AT,400,"6,675",G,"5,109",G,638,EUR
9009650795374,5079537,8721,"MM100,0X 58,0",CRYSTAL,,,,LE-LB PEAR SHAPES,94059110,AT,12,"216,967",G,"188,8",G,217,EUR
9003146523779,652377,8721,"MM 50,0X 29,0",LT.PERI,,,,LE-LB PEAR SHAPES,94059110,AT,72,"36,389",G,"29,21",G,248,EUR
9009650391811,5039181,8721,"MM 50,0X 29,0",SILK,,,,LE-LB PEAR SHAPES,94059110,AT,72,"31,763",G,"24,584",G,248,EUR
9003148265486,826548,8721,"MM 63,0X 37,0",CRYSTAL,GOLD. TEAK,,,LE-LB PEAR SHAPES,94059110,AT,45,"68,248",G,"60,737",G,300,EUR
9009650391804,5039180,8721,"MM 38,0X 22,0",SILK,,,,LE-LB PEAR SHAPES,94059110,AT,192,"11,786",G,"9,989",G,427,EUR
9003142970089,297008,8721,"MM 38,0X 22,0",JET,,,,LE-LB PEAR SHAPES,94059110,XS,192,"13,817",G,"12,02",G,427,EUR
9003146600548,660054,8721,"MM 63,0X 37,0",JET,,,,LE-LB PEAR SHAPES,94059110,XS,45,"69,021",G,"61,51",G,314,EUR
9003148442917,844291,8721,"MM 38,0X 22,0",VIOLET,,,,LE-LB PEAR SHAPES,94059110,XS,192,"14,049",G,"12,252",G,427,EUR
9003148442900,844290,8721,"MM 28,0X 17,0",VIOLET,,,,LE-LB PEAR SHAPES,94059110,AT,400,"6,84",G,"5,274",G,663,EUR
9003148442412,844241,8721,"MM 38,0X 22,0",EMER,,,,LE-LB PEAR SHAPES,94059110,XS,192,"13,434",G,"11,637",G,427,EUR
9003142880524,288052,8721,"MM 76,0X 44,0",CRYSTAL,GOLD. TEAK,,,LE-LB PEAR SHAPES,94059110,AT,30,121,G,"98,902",G,313,EUR
9003142880517,288051,8721,"MM 50,0X 29,0",CRYSTAL,GOLD. TEAK,,,LE-LB PEAR SHAPES,94059110,AT,72,"36,389",G,"29,21",G,236,EUR
9003142880500,288050,8721,"MM 38,0X 22,0",CRYSTAL,GOLD. TEAK,,,LE-LB PEAR SHAPES,94059110,AT,192,"13,666",G,"11,869",G,409,EUR
9003149413008,941300,8721,"MM 50,0X 29,0",VIOLET,,,,LE-LB PEAR SHAPES,94059110,AT,72,"37,332",G,"30,153",G,248,EUR
9003149413015,941301,8721,"MM 28,0X 17,0",LT.TOP.,,,,LE-LB PEAR SHAPES,94059110,AT,400,"6,723",G,"5,157",G,663,EUR
9007811021553,1102155,8741,"MM 89,0X 60,0",CRYSTAL,,,,LE-LB PEAR SHAPES,94059110,XS,10,204,G,166,G,141,EUR
9007811020549,1102054,8741,"MM 76,0X 52,0",CRYSTAL,,,,LE-LB PEAR SHAPES,94059110,XS,24,"121,583",G,103,G,235,EUR
9003149433143,943314,8721,"MM 28,0X 17,0",DK.SAPPH,,,,LE-LB PEAR SHAPES,94059110,AT,400,"6,469",G,"4,903",G,663,EUR
9003149433150,943315,8721,"MM 38,0X 22,0",DK.SAPPH,,,,LE-LB PEAR SHAPES,94059110,AT,192,"13,187",G,"11,39",G,427,EUR
9003149821407,982140,8721,"MM 38,0X 22,0",CRYSTAL,GOL.SHADOW,,,LE-LB PEAR SHAPES,94059110,AT,192,"13,666",G,"11,869",G,409,EUR
9007810027662,1002766,8721,"MM 50,0X 29,0",DK.SAPPH,,,,LE-LB PEAR SHAPES,94059110,AT,72,"35,21",G,"28,031",G,248,EUR
9003149821575,982157,8721,"MM 50,0X 29,0",CRYSTAL,GOL.SHADOW,,,LE-LB PEAR SHAPES,94059110,AT,72,"36,389",G,"29,21",G,236,EUR
9003142079485,207948,8721,"MM 50,0X 29,0",ANT.GREEN,,,,LE-LB PEAR SHAPES,94059110,AT,72,"36,434",G,"29,255",G,248,EUR
9003142079478,207947,8721,"MM 38,0X 22,0",ANT.GREEN,,,,LE-LB PEAR SHAPES,94059110,XS,192,"13,684",G,"11,887",G,427,EUR
9003142079461,207946,8721,"MM 28,0X 17,0",ANT.GREEN,,,,LE-LB PEAR SHAPES,94059110,AT,400,"6,683",G,"5,117",G,663,EUR
9003149821582,982158,8721,"MM 63,0X 37,0",CRYSTAL,GOL.SHADOW,,,LE-LB PEAR SHAPES,94059110,AT,45,"68,248",G,"60,737",G,300,EUR
9003149821599,982159,8721,"MM 76,0X 44,0",CRYSTAL,GOL.SHADOW,,,LE-LB PEAR SHAPES,94059110,AT,30,121,G,"98,902",G,313,EUR
9003149821605,982160,8721,"MM 89,0X 52,0",CRYSTAL,GOL.SHADOW,,,LE-LB PEAR SHAPES,94059110,AT,21,"147,333",G,133,G,266,EUR
9003149823173,982317,8721,"MM 38,0X 22,0",CRYSTAL,SILVSHADE,,,LE-LB PEAR SHAPES,94059110,AT,192,"13,666",G,"11,869",G,409,EUR
9003141962146,196214,8721,"MM 89,0X 52,0",CRYSTAL,,,,LE-LB PEAR SHAPES,94059110,XS,21,"147,333",G,133,G,231,EUR
9003149823197,982319,8721,"MM 50,0X 29,0",CRYSTAL,SILVSHADE,,,LE-LB PEAR SHAPES,94059110,AT,72,"36,389",G,"29,21",G,236,EUR
9003141943688,194368,8721,"MM 76,0X 44,0",CRYSTAL,BL.AB,,,LE-LB PEAR SHAPES,94059110,AT,30,121,G,"98,902",G,313,EUR
9003141828022,182802,8721,"MM 38,0X 22,0",MED.SAPPH,,,,LE-LB PEAR SHAPES,94059110,XS,192,"13,684",G,"11,887",G,427,EUR
9003141828015,182801,8721,"MM 28,0X 17,0",MED.SAPPH,,,,LE-LB PEAR SHAPES,94059110,AT,400,"6,683",G,"5,117",G,663,EUR
9003141823133,182313,8721,"MM 50,0X 29,0",MED.SAPPH,,,,LE-LB PEAR SHAPES,94059110,AT,72,"36,434",G,"29,255",G,248,EUR
9003141815305,181530,8745,"MM 38,0X 22,0",CRYSTAL,BL.AB,,,LE-LB PEAR SHAPES,94059110,AT,224,"13,125",G,"12,1",G,477,EUR
9003141725024,172502,8721,"MM 63,0X 37,0",CRYSTAL,BL.AB,,,LE-LB PEAR SHAPES,94059110,AT,45,"68,248",G,"60,737",G,300,EUR
9003141705996,170599,8721,"MM 50,0X 29,0",CRYSTAL,BL.AB,,,LE-LB PEAR SHAPES,94059110,AT,72,"36,389",G,"29,21",G,236,EUR
9003141705989,170598,8721,"MM 38,0X 22,0",CRYSTAL,BL.AB,,,LE-LB PEAR SHAPES,94059110,AT,192,"13,666",G,"11,869",G,409,EUR
9003141705972,170597,8721,"MM 28,0X 17,0",CRYSTAL,BL.AB,,,LE-LB PEAR SHAPES,94059110,AT,400,"6,675",G,"5,109",G,638,EUR
9003141700137,170013,8721,"MM 63,0X 37,0",ROSALINE,,,,LE-LB PEAR SHAPES,94059110,AT,45,"68,342",G,"60,831",G,314,EUR
9003141686967,168696,8721,"MM 28,0X 17,0",ROSALINE,,,,LE-LB PEAR SHAPES,94059110,AT,400,"6,683",G,"5,117",G,663,EUR
9009652909830,5290983,8721,"MM175,0X102,0",CRYSTAL,,,,LE-LB PEAR SHAPES,,,2,"910,8",G,"703,8",G,273,EUR
9003141596921,159692,8746,"MM 38,0X 22,0",CRYSTAL,,,,LE-LB PEAR SHAPES,94059110,AT*,224,"12,866",G,"11,15",G,417,EUR
9003141604473,160447,8755,"MM 50,0X 31,0",CRYSTAL,,,,LE-LB PEAR SHAPES,94059110,AT,126,"22,974",G,"19,823",G,440,EUR
9003141599038,159903,8746,"MM 50,0X 29,0",CRYSTAL,,,,LE-LB PEAR SHAPES,94059110,AT*,90,"33,234",G,"28,79",G,257,EUR
9003141599021,159902,8745,"MM 50,0X 29,0",CRYSTAL,,,,LE-LB PEAR SHAPES,94059110,AT,90,"30,222",G,29,G,257,EUR
9003141599014,159901,8745,"MM 38,0X 22,0",CRYSTAL,,,,LE-LB PEAR SHAPES,94059110,AT,224,"13,125",G,"12,1",G,417,EUR
9003141592244,159224,8721,"MM 28,0X 17,0",CRYSTAL,,,,LE-LB PEAR SHAPES,94059110,AT,400,"6,675",G,"5,109",G,556,EUR
9003141592251,159225,8721,"MM 63,0X 37,0",CRYSTAL,,,,LE-LB PEAR SHAPES,94059110,XS,45,"68,248",G,"60,737",G,261,EUR
9003141651996,165199,8721,"MM 50,0X 29,0",ROSALINE,,,,LE-LB PEAR SHAPES,94059110,AT,72,"36,434",G,"29,255",G,248,EUR
9003141686950,168695,8721,"MM 38,0X 22,0",ROSALINE,,,,LE-LB PEAR SHAPES,94059110,XS,192,"13,684",G,"11,887",G,427,EUR
9003141592268,159226,8721,"MM 76,0X 44,0",CRYSTAL,,,,LE-LB PEAR SHAPES,94059110,XS,30,121,G,"98,902",G,272,EUR
9003141592275,159227,8731,"MM 28,0X 17,0",CRYSTAL,,,,LE-LB PEAR SHAPES,94059110,AT,400,"6,742",G,"5,72",G,556,EUR
9003141592282,159228,8731,"MM 38,0X 22,0",CRYSTAL,,,,LE-LB PEAR SHAPES,94059110,AT,192,"14,224",G,"12,427",G,358,EUR
9003141592299,159229,8731,"MM 63,0X 37,0",CRYSTAL,,,,LE-LB PEAR SHAPES,94059110,AT,45,"62,667",G,"58,521",G,261,EUR
9003141592305,159230,8731,"MM 76,0X 44,0",CRYSTAL,,,,LE-LB PEAR SHAPES,94059110,AT,30,"97,333",G,"78,084",G,272,EUR
9003141592312,159231,8741,"MM 38,0X 25,0",CRYSTAL,,,,LE-LB PEAR SHAPES,94059110,AT,224,"14,532",G,"12,88",G,495,EUR
9003141592329,159232,8741,"MM 50,0X 34,0",CRYSTAL,,,,LE-LB PEAR SHAPES,94059110,XS,90,"37,333",G,"33,869",G,405,EUR
9003148367838,836783,8721,"MM 89,0X 52,0",CRYSTAL,GOLD. TEAK,,,LE-LB PEAR SHAPES,94059110,AT,21,"147,333",G,133,G,266,EUR
9003142495315,249531,8721,"MM 50,0X 29,0",LT.TOP.,,,,LE-LB PEAR SHAPES,94059110,AT,72,"36,661",G,"29,482",G,248,EUR
9003142495308,249530,8721,"MM 38,0X 22,0",LT.TOP.,,,,LE-LB PEAR SHAPES,94059110,XS,192,"13,777",G,"11,98",G,427,EUR
9003148442351,844235,8721,"MM 28,0X 17,0",BORDEAUX,,,,LE-LB PEAR SHAPES,94059110,AT,400,"6,504",G,"4,938",G,663,EUR
9003141591391,159139,8721,"MM 38,0X 22,0",CRYSTAL,,,,LE-LB PEAR SHAPES,94059110,XS,192,"13,666",G,"11,869",G,358,EUR
9003141592336,159233,8741,"MM 63,0X 43,0",CRYSTAL,,,,LE-LB PEAR SHAPES,94059110,AT,45,80,G,"69,542",G,352,EUR
9003141590424,159042,8731,"MM 50,0X 29,0",CRYSTAL,,,,LE-LB PEAR SHAPES,94059110,AT,72,"34,153",G,"28,739",G,206,EUR
9003141590233,159023,8721,"MM 50,0X 29,0",CRYSTAL,,,,LE-LB PEAR SHAPES,94059110,AT,72,"36,389",G,"29,21",G,206,EUR
9003149412988,941298,8721,"MM 50,0X 29,0",EMER,,,,LE-LB PEAR SHAPES,94059110,AT,72,"35,818",G,"28,639",G,248,EUR
9007811201436,1120143,8950,NR 005 138,CRYSTAL,,,,LE-LB REMAINING STRASS ELEMENTS MSL CIRC,94059110,AT,60,"42,55",G,"36,7",G,237,EUR
9003146784125,678412,8950,NR 003 138,CRYSTAL,,,,LE-LB REMAINING STRASS ELEMENTS MSL CIRC,94059110,AT,100,"25,02",G,"20,1",G,450,EUR
9007811201467,1120146,8950,NR 005 150,CRYSTAL,,,,LE-LB REMAINING STRASS ELEMENTS MSL CIRC,94059110,AT,36,"93,722",G,"82,25",G,263,EUR
9003146097454,609745,8950,NR 001 140,CRYSTAL,,,,LE-LB REMAINING STRASS ELEMENTS MSL CIRC,94059110,AT,100,"32,37",G,28,G,306,EUR
9003149863292,986329,8950,NR 001 240,CRYSTAL,,,,LE-LB REMAINING STRASS ELEMENTS MSL CIRC,94059110,AT,100,"32,37",G,28,G,306,EUR
9009652792319,5279231,8950/G,NR 001 140,CRYSTAL,,,,LE-LB REMAINING STRASS ELEMENTS MSL CIRC,94059110,AT,100,"32,37",G,28,G,352,EUR
9007811201948,1120194,8950,NR 101 120,CRYSTAL,,,,LE-LB REMAINING STRASS ELEMENTS MSL BALL,94059110,AT,192,"10,369",G,"8,4",G,443,EUR
9007811201979,1120197,8950,NR 101 140,CRYSTAL,,,,LE-LB REMAINING STRASS ELEMENTS MSL BALL,94059110,AT,12,"92,817",G,"67,15",G,83,EUR
9007811201993,1120199,8950,NR 101 160,CRYSTAL,,,,LE-LB REMAINING STRASS ELEMENTS MSL BALL,94059110,AT,5,"293,3",G,"226,5",G,"92,2",EUR
9003149956598,995659,8950,NR 202 189,CRYSTAL,,,,LE-LB REMAINING STRASS ELEMENTS MSL TRIA,94059110,AT,14,"157,571",G,130,G,315,EUR
9003149956581,995658,8950,NR 202 550,CRYSTAL,,,,LE-LB REMAINING STRASS ELEMENTS MSL TRIA,94059110,AT,2,792,G,626,G,158,EUR
9007811044996,1104499,8950,NR 203 138,CRYSTAL,,,,LE-LB REMAINING STRASS ELEMENTS MSL TRIA,94059110,AT,60,"24,45",G,"18,6",G,397,EUR
9007811045009,1104500,8950,NR 203 150,CRYSTAL,,,,LE-LB REMAINING STRASS ELEMENTS MSL TRIA,94059110,AT,36,"51,733",G,"42,4",G,357,EUR
9007811045016,1104501,8950,NR 203 163,CRYSTAL,,,,LE-LB REMAINING STRASS ELEMENTS MSL TRIA,94059110,AT,12,"112,55",G,"84,8",G,151,EUR
9003149344517,934451,8950,NR 202 150,CRYSTAL,,,,LE-LB REMAINING STRASS ELEMENTS MSL TRIA,94059110,AT,72,"28,797",G,"23,2",G,671,EUR
9007811045023,1104502,8950,NR 203 176,CRYSTAL,,,,LE-LB REMAINING STRASS ELEMENTS MSL TRIA,94059110,AT,8,"190,75",G,149,G,152,EUR
9003149863353,986335,8950,NR 202 176,CRYSTAL,,,,LE-LB REMAINING STRASS ELEMENTS MSL TRIA,94059110,AT,20,"101,45",G,84,G,282,EUR
9003149863346,986334,8950,NR 202 163,CRYSTAL,,,,LE-LB REMAINING STRASS ELEMENTS MSL TRIA,94059110,AT,36,"58,111",G,48,G,412,EUR
9007811652924,1165292,8950,NR 307 163,CRYSTAL,,,,LE-LB REMAINING STRASS ELEMENTS MSL SKIT,94059110,AT,90,21,G,21,G,333,EUR
9007811652917,1165291,8950,NR 307 150,CRYSTAL,,,,LE-LB REMAINING STRASS ELEMENTS MSL SKIT,94059110,AT,96,9,G,9,G,148,EUR
9007811652900,1165290,8950,NR 307 100,CRYSTAL,,,,LE-LB REMAINING STRASS ELEMENTS MSL SKIT,94059110,AT,18,58,G,58,G,270,EUR
9007810848410,1084841,8950,NR 305 176,CRYSTAL,,,,LE-LB REMAINING STRASS ELEMENTS MSL SKIT,94059110,AT,60,"42,667",G,"37,33",G,309,EUR
9007810755749,1075574,8950,NR 305 100,CRYSTAL,,,,LE-LB REMAINING STRASS ELEMENTS MSL SKIT,94059110,AT,36,"82,778",G,"73,5",G,540,EUR
9009652843851,5284385,8950,NR 301 176,ARCWHITE,,,,LE-LB REMAINING STRASS ELEMENTS MSL SKIT,94059110,AT,48,"25,175",G,"18,983",G,282,EUR
9007811201849,1120184,8950,NR 306 176,CRYSTAL,,,,LE-LB REMAINING STRASS ELEMENTS MSL SKIT,94059110,AT,48,"40,167",G,34,G,327,EUR
9003146784118,678411,8950,NR 302 100,CRYSTAL,,,,LE-LB REMAINING STRASS ELEMENTS MSL SKIT,94059110,AT,36,"82,989",G,"73,6",G,540,EUR
9003146784095,678409,8950,NR 302 163,CRYSTAL,,,,LE-LB REMAINING STRASS ELEMENTS MSL SKIT,94059110,AT,90,"19,778",G,"17,7",G,288,EUR
9003146273599,627359,8950,NR 301 176,CRYSTAL,,,,LE-LB REMAINING STRASS ELEMENTS MSL SKIT,94059110,AT,48,"29,792",G,"23,6",G,235,EUR
9003146273582,627358,8950,NR 301 100,CRYSTAL,,,,LE-LB REMAINING STRASS ELEMENTS MSL SKIT,94059110,AT,36,"63,333",G,54,G,386,EUR
9007811652931,1165293,8950,NR 307 176,CRYSTAL,,,,LE-LB REMAINING STRASS ELEMENTS MSL SKIT,94059110,AT,60,"36,067",G,30,G,309,EUR
9003148415560,841556,8950,NR 401 163,CRYSTAL,,,,LE-LB REMAINING STRASS ELEMENTS MSL RECT,94059110,AT,60,"33,217",G,"25,6",G,374,EUR
9007811653020,1165302,8950,NR 404 276,CRYSTAL,,,,LE-LB REMAINING STRASS ELEMENTS MSL RECT,94059110,AT,18,"68,111",G,48,G,"99,1",EUR
9007811653013,1165301,8950,NR 404 176,CRYSTAL,,,,LE-LB REMAINING STRASS ELEMENTS MSL RECT,94059110,AT,18,"68,111",G,48,G,"99,1",EUR
9007811653006,1165300,8950,NR 404 263,CRYSTAL,,,,LE-LB REMAINING STRASS ELEMENTS MSL RECT,94059110,AT,45,"39,511",G,32,G,196,EUR
9007811652993,1165299,8950,NR 404 163,CRYSTAL,,,,LE-LB REMAINING STRASS ELEMENTS MSL RECT,94059110,AT,45,"39,511",G,32,G,196,EUR
9007811652986,1165298,8950,NR 404 250,CRYSTAL,,,,LE-LB REMAINING STRASS ELEMENTS MSL RECT,94059110,AT,80,"19,038",G,14,G,235,EUR
9007811652979,1165297,8950,NR 404 150,CRYSTAL,,,,LE-LB REMAINING STRASS ELEMENTS MSL RECT,94059110,AT,80,"19,038",G,14,G,235,EUR
9003146097584,609758,8950,NR 401 180,CRYSTAL,,,,LE-LB REMAINING STRASS ELEMENTS MSL RECT,94059110,AT,32,64,G,51,G,330,EUR
9003148769311,876931,8950,NR 501 180,CRYSTAL,,,,LE-LB REMAINING STRASS ELEMENTS MSL STAF,94059110,AT*,48,"30,613",G,"23,3",G,259,EUR
9003149863315,986331,8950,NR 501 280,CRYSTAL,,,,LE-LB REMAINING STRASS ELEMENTS MSL STAF,94059110,AT*,48,"30,613",G,"23,3",G,259,EUR
9009652998902,5299890,8951,NR 040 063,CRYSTAL,,,,LE-LB REMAINING STRASS ELEMENTS MSL SPEC,94059110,AT*,45,"40,433",G,"31,3",G,222,EUR
9007811201788,1120178,8950,NR 809 189,CRYSTAL,,,,LE-LB REMAINING STRASS ELEMENTS MSL SPEC,94059110,AT,24,"117,958",G,101,G,258,EUR
9007811201771,1120177,8950,NR 809 176,CRYSTAL,,,,LE-LB REMAINING STRASS ELEMENTS MSL SPEC,94059110,AT,30,"76,667",G,"62,9",G,244,EUR
9007811201757,1120175,8950,NR 809 163,CRYSTAL,,,,LE-LB REMAINING STRASS ELEMENTS MSL SPEC,94059110,AT,60,"40,842",G,"34,125",G,296,EUR
9009652998841,5299884,8951,NR 031 016,CRYSTAL,,,,LE-LB REMAINING STRASS ELEMENTS MSL SPEC,94059110,AT*,280,"6,855",G,"5,601",G,281,EUR
9009652998827,5299882,8951,NR 031 014,CRYSTAL,,,,LE-LB REMAINING STRASS ELEMENTS MSL SPEC,94059110,AT*,384,"4,384",G,"3,436",G,266,EUR
9007811201733,1120173,8950,NR 809 150,CRYSTAL,,,,LE-LB REMAINING STRASS ELEMENTS MSL SPEC,94059110,AT,90,"20,711",G,"15,8",G,236,EUR
9009652998919,5299891,8951,NR 041 063,CRYSTAL,,,,LE-LB REMAINING STRASS ELEMENTS MSL SPEC,94059110,AT*,45,"46,503",G,"37,036",G,222,EUR
9009652998926,5299892,8951,NR 042 063,CRYSTAL,,,,LE-LB REMAINING STRASS ELEMENTS MSL SPEC,94059110,AT*,45,"46,467",G,37,G,222,EUR
9009652998940,5299894,8951,NR 041 076,CRYSTAL,,,,LE-LB REMAINING STRASS ELEMENTS MSL SPEC,94059110,AT*,36,"48,894",G,"36,7",G,200,EUR
9009652998933,5299893,8951,NR 040 076,CRYSTAL,,,,LE-LB REMAINING STRASS ELEMENTS MSL SPEC,94059110,AT*,36,"48,894",G,"36,7",G,200,EUR
9009652998810,5299881,8951,NR 021 089,CRYSTAL,,,,LE-LB REMAINING STRASS ELEMENTS MSL SPEC,94059110,AT*,4,"316,3",G,"221,8",G,"67,8",EUR
9009652998803,5299880,8951,NR 021 050,CRYSTAL,,,,LE-LB REMAINING STRASS ELEMENTS MSL SPEC,94059110,AT*,36,"52,098",G,"40,737",G,196,EUR
9009652998797,5299879,8951,NR 011 114,CRYSTAL,,,,LE-LB REMAINING STRASS ELEMENTS MSL SPEC,94059110,AT*,18,"73,658",G,"50,325",G,231,EUR
9009652971219,5297121,8951,NR 042 076,CRYSTAL,,,,LE-LB REMAINING STRASS ELEMENTS MSL SPEC,94059110,AT*,36,"48,894",G,"36,7",G,200,EUR
9009652971202,5297120,8951,NR 011 062,CRYSTAL,,,,LE-LB REMAINING STRASS ELEMENTS MSL SPEC,94059110,AT*,40,"33,29",G,"23,74",G,178,EUR
9009652843967,5284396,8950,NR 809 163,ARCWHITE,,,,LE-LB REMAINING STRASS ELEMENTS MSL SPEC,94059110,AT,60,"34,165",G,"27,448",G,356,EUR
9003146273568,627356,8950,NR 802 090,CRYSTAL,,,,LE-LB REMAINING STRASS ELEMENTS MSL SPEC,94059110,AT,12,"193,333",G,156,G,301,EUR
9003148769328,876932,8950,NR 806 163,CRYSTAL,,,,LE-LB REMAINING STRASS ELEMENTS MSL SPEC,94059110,AT,60,"25,717",G,19,G,297,EUR
9003141592381,159238,8901,"MM 89,0X 62,0",CRYSTAL,,,,LE-LB PENDELOQUES,94059110,XS,21,"128,095",G,112,G,251,EUR
9003141592374,159237,8901,"MM 76,0X 52,0",CRYSTAL,,,,LE-LB PENDELOQUES,94059110,XS,40,77,G,"76,319",G,283,EUR
9003141592367,159236,8901,"MM 38,0X 27,0",CRYSTAL,,,,LE-LB PENDELOQUES,94059110,AT,256,"12,031",G,"9,559",G,424,EUR
9003141590257,159025,8901,"MM 50,0X 35,0",CRYSTAL,,,,LE-LB PENDELOQUES,94059110,XS,120,"24,341",G,"20,224",G,339,EUR
9009650461620,5046162,8908,"MM100,0X 81,0",CRYSTAL,SILVSHADE,,,LE-LB PENDELOQUES,94059110,AT,6,"360,3",G,"297,3",G,139,EUR
9009650461606,5046160,8908,"MM100,0X 81,0",CRYSTAL,GOL.SHADOW,,,LE-LB PENDELOQUES,94059110,AT,6,"360,3",G,"297,3",G,139,EUR
9009650461590,5046159,8908,"MM100,0X 81,0",CRYSTAL,GOLD. TEAK,,,LE-LB PENDELOQUES,94059110,AT,6,"360,3",G,"297,3",G,139,EUR
9003141590141,159014,8901,"MM 63,0X 43,0",CRYSTAL,,,,LE-LB PENDELOQUES,94059110,AT,50,"47,88",G,"39,037",G,209,EUR
9009650391965,5039196,8908,"MM 76,0X 61,0",SILK,,,,LE-LB PENDELOQUES,94059110,AT*,21,"126,262",G,"110,167",G,203,EUR
9009650461583,5046158,8908,"MM 89,0X 72,0",CRYSTAL,SILVSHADE,,,LE-LB PENDELOQUES,94059110,AT,8,"267,75",G,215,G,125,EUR
9009650461569,5046156,8908,"MM 89,0X 72,0",CRYSTAL,GOL.SHADOW,,,LE-LB PENDELOQUES,94059110,AT,8,"267,75",G,215,G,125,EUR
9009650461552,5046155,8908,"MM 89,0X 72,0",CRYSTAL,GOLD. TEAK,,,LE-LB PENDELOQUES,94059110,AT,8,"267,75",G,215,G,125,EUR
9009650461545,5046154,8908,"MM 76,0X 61,0",CRYSTAL,SILVSHADE,,,LE-LB PENDELOQUES,94059110,AT,21,"146,995",G,"130,9",G,195,EUR
9009650461521,5046152,8908,"MM 76,0X 61,0",CRYSTAL,GOL.SHADOW,,,LE-LB PENDELOQUES,94059110,AT,21,"146,995",G,"130,9",G,195,EUR
9009650461514,5046151,8908,"MM 76,0X 61,0",CRYSTAL,GOLD. TEAK,,,LE-LB PENDELOQUES,94059110,AT,21,"146,995",G,"130,9",G,195,EUR
9009650461477,5046147,8908,"MM 63,0X 51,0",CRYSTAL,GOLD. TEAK,,,LE-LB PENDELOQUES,94059110,AT,30,"76,098",G,"76,098",G,165,EUR
9009650340215,5034021,8908,"MM 50,0X 39,0",CRYSTAL,,,,LE-LB PENDELOQUES,94059110,AT*,36,"28,6",G,"28,6",G,116,EUR
9009650340222,5034022,8908,"MM 63,0X 51,0",CRYSTAL,,,,LE-LB PENDELOQUES,94059110,AT*,30,"76,098",G,"76,098",G,143,EUR
9009650461507,5046150,8908,"MM 63,0X 51,0",CRYSTAL,SILVSHADE,,,LE-LB PENDELOQUES,94059110,AT,30,"76,098",G,"76,098",G,165,EUR
9009650461484,5046148,8908,"MM 63,0X 51,0",CRYSTAL,GOL.SHADOW,,,LE-LB PENDELOQUES,94059110,AT,30,"76,098",G,"76,098",G,165,EUR
9009650391958,5039195,8908,"MM 63,0X 51,0",SILK,,,,LE-LB PENDELOQUES,94059110,AT*,30,"64,045",G,"64,045",G,172,EUR
9009650390531,5039053,8908,"MM 76,0X 61,0",CRYSTAL,LILAC,,,LE-LB PENDELOQUES,94059110,AT*,21,"146,995",G,"130,9",G,195,EUR
9009650390463,5039046,8908,"MM 63,0X 51,0",CRYSTAL,LILAC,,,LE-LB PENDELOQUES,94059110,AT*,30,"76,098",G,"76,098",G,165,EUR
9009650368820,5036882,8908,"MM 89,0X 72,0",JET,,,,LE-LB PENDELOQUES,94059110,AT,8,"270,488",G,"217,738",G,131,EUR
9009650340239,5034023,8908,"MM 76,0X 61,0",CRYSTAL,,,,LE-LB PENDELOQUES,94059110,AT*,21,"146,995",G,"130,9",G,169,EUR
9009650340246,5034024,8908,"MM 89,0X 72,0",CRYSTAL,,,,LE-LB PENDELOQUES,94059110,AT*,8,"267,75",G,215,G,109,EUR
9009650340253,5034025,8908,"MM100,0X 81,0",CRYSTAL,,,,LE-LB PENDELOQUES,94059110,AT*,6,"360,3",G,"297,3",G,121,EUR
9009650368806,5036880,8908,"MM 63,0X 51,0",JET,,,,LE-LB PENDELOQUES,94059110,AT*,30,"77,067",G,"77,067",G,172,EUR
9009650368813,5036881,8908,"MM 76,0X 61,0",JET,,,,LE-LB PENDELOQUES,94059110,AT,21,"148,662",G,"132,567",G,203,EUR
9003141592398,159239,8901,"MM100,0X 70,0",CRYSTAL,,,,LE-LB PENDELOQUES,94059110,AT,12,"158,333",G,"141,342",G,212,EUR
9003146087844,608784,8930,"MM150,0X 88,0",CRYSTAL,GOLD. TEAK,,,LE-LB PENDELOQUES,94059110,AT,6,394,G,325,G,206,EUR
9003148265479,826547,8901,"MM 63,0X 43,0",CRYSTAL,GOLD. TEAK,,,LE-LB PENDELOQUES,94059110,AT,50,"47,88",G,"39,037",G,241,EUR
9003146087837,608783,8930,"MM100,0X 59,0",CRYSTAL,GOLD. TEAK,,,LE-LB PENDELOQUES,94059110,AT,18,"165,222",G,"143,889",G,321,EUR
9003146008603,600860,8901,"MM 76,0X 52,0",JET,,,,LE-LB PENDELOQUES,94059110,XS,40,"77,972",G,"77,291",G,340,EUR
9003148780958,878095,8901,"MM100,0X 70,0",CRYSTAL,GOLD. TEAK,,,LE-LB PENDELOQUES,94059110,AT,12,"158,333",G,"141,342",G,244,EUR
9003142946336,294633,8901,"MM 76,0X 52,0",CRYSTAL,GOLD. TEAK,,,LE-LB PENDELOQUES,94059110,AT,40,77,G,"76,319",G,325,EUR
9003142946329,294632,8901,"MM 50,0X 35,0",CRYSTAL,GOLD. TEAK,,,LE-LB PENDELOQUES,94059110,AT,120,"24,341",G,"20,224",G,390,EUR
9003142874134,287413,8901,"MM140,0X 97,0",CRYSTAL,,,,LE-LB PENDELOQUES,94059110,AT,4,430,G,370,G,105,EUR
9009650760198,5076019,,,,,,,LE-LB PENDELOQUES,,,0,0,KG,0,KG,0,
9003142503454,250345,8901,"MM 63,0X 43,0",JET,,,,LE-LB PENDELOQUES,94059110,AT,50,"48,377",G,"39,534",G,252,EUR
9003148394544,839454,8901,"MM 89,0X 62,0",CRYSTAL,GOLD. TEAK,,,LE-LB PENDELOQUES,94059110,AT,21,"128,095",G,112,G,288,EUR
9003149695411,969541,8930,"MM 89,0X 52,0",CRYSTAL,,,,LE-LB PENDELOQUES,94059110,XS,21,"116,095",G,100,G,193,EUR
9003149695428,969542,8930,"MM 76,0X 44,0",CRYSTAL,,,,LE-LB PENDELOQUES,94059110,XS,40,"71,75",G,62,G,218,EUR
9003149695565,969556,8930,"MM 76,0X 44,0",CRYSTAL,GOLD. TEAK,,,LE-LB PENDELOQUES,94059110,AT,40,"71,75",G,62,G,250,EUR
9003149695596,969559,8930,"MM 89,0X 52,0",CRYSTAL,GOLD. TEAK,,,LE-LB PENDELOQUES,94059110,AT,21,"116,095",G,100,G,222,EUR
9003149821643,982164,8901,"MM 50,0X 35,0",CRYSTAL,GOL.SHADOW,,,LE-LB PENDELOQUES,94059110,AT,120,"24,341",G,"20,224",G,390,EUR
9003149821650,982165,8901,"MM 63,0X 43,0",CRYSTAL,GOL.SHADOW,,,LE-LB PENDELOQUES,94059110,AT,50,"47,88",G,"39,037",G,241,EUR
9003149821667,982166,8901,"MM 76,0X 52,0",CRYSTAL,GOL.SHADOW,,,LE-LB PENDELOQUES,94059110,AT,40,77,G,"76,319",G,325,EUR
9003149821674,982167,8901,"MM 89,0X 62,0",CRYSTAL,GOL.SHADOW,,,LE-LB PENDELOQUES,94059110,AT,21,"128,095",G,112,G,288,EUR
9003149821704,982170,8930,"MM100,0X 59,0",CRYSTAL,GOL.SHADOW,,,LE-LB PENDELOQUES,94059110,AT,18,"165,222",G,"143,889",G,321,EUR
9003149821735,982173,8930,"MM 76,0X 44,0",CRYSTAL,GOL.SHADOW,,,LE-LB PENDELOQUES,94059110,AT,40,"71,75",G,62,G,250,EUR
9003149821742,982174,8930,"MM 89,0X 52,0",CRYSTAL,GOL.SHADOW,,,LE-LB PENDELOQUES,94059110,AT,21,"116,095",G,100,G,222,EUR
9003141931258,193125,8930,"MM100,0X 59,0",CRYSTAL,,,,LE-LB PENDELOQUES,94059110,AT,18,"165,222",G,"143,889",G,279,EUR
9009652909823,5290982,8930,"MM175,0X102,0",CRYSTAL,,,,LE-LB PENDELOQUES,,,2,678,G,471,G,273,EUR
9003141599632,159963,8930,"MM150,0X 88,0",CRYSTAL,,,,LE-LB PENDELOQUES,94059110,AT,6,394,G,325,G,179,EUR
9003141592510,159251,8930,"MM 63,0X 37,0",CRYSTAL,,,,LE-LB PENDELOQUES,94059110,AT,60,"49,667",G,38,G,221,EUR
9003141592503,159250,8930,"MM 50,0X 30,0",CRYSTAL,,,,LE-LB PENDELOQUES,94059110,AT,90,"23,556",G,"18,645",G,223,EUR
9003141592473,159247,8904,"MM 89,0X 59,0",CRYSTAL,,,,LE-LB PENDELOQUES,94059110,AT,18,"100,046",G,"84,324",G,189,EUR
9003141592466,159246,8904,"MM 76,0X 50,0",CRYSTAL,,,,LE-LB PENDELOQUES,94059110,XS,50,"63,178",G,"54,338",G,310,EUR
9003141592404,159240,8901,"MM114,0X 79,0",CRYSTAL,,,,LE-LB PENDELOQUES,94059110,AT,12,"233,371",G,"202,454",G,276,EUR
,3311795,,,,,,,LE-LB STRANDS STRASS,,,0,0,KG,0,KG,0,
9009650760259,5076025,,,,,,,LE-LB STRANDS STRASS,,,0,0,KG,0,KG,0,
9007810673241,1067324,7120,"MM 20,0",CRYSTAL,CAL'SI',,,LE-LB KNOBS&HANDLE,70139900,AT,300,"7,823",G,"6,35",G,1170,EUR
9007810673258,1067325,7120,"MM 20,0",CRYSTAL,CAL'V'SI,,,LE-LB KNOBS&HANDLE,70139900,AT*,300,"7,823",G,"6,35",G,1170,EUR
9007810684797,1068479,7160,"MM300,0",CRYSTAL,,,82,LE-LB KNOBS&HANDLE,70139900,AT*,1,1050,G,950,G,214,EUR
9007810674668,1067466,7302,"MM 56,0",CRYSTAL,,,,LE-LB KNOBS&HANDLE,70139900,AT*,45,"69,427",G,"64,16",G,374,EUR
9007810684803,1068480,7160,"MM300,0",CRYSTAL,,,81,LE-LB KNOBS&HANDLE,70139900,AT*,1,1050,G,950,G,247,EUR
9007810673227,1067322,7120,"MM 14,0",CRYSTAL,CAL'V'SI,,,LE-LB KNOBS&HANDLE,70139900,AT*,560,"2,913",G,"2,1",G,1300,EUR
9007810684810,1068481,7165,"MM 14,0",CRYSTAL,,,82,LE-LB KNOBS&HANDLE,70139900,AT*,24,"4,722",G,4,G,64,EUR
9007810684711,1068471,7155,"MM 30,0",CRYSTAL,,,81,LE-LB KNOBS&HANDLE,70139900,AT*,5,141,G,62,G,138,EUR
9007810728446,1072844,7151,"MM 62,0",CRYSTAL,,,82,LE-LB KNOBS&HANDLE,70139900,AT*,5,475,G,396,G,176,EUR
9007810674569,1067456,7300,"MM 16,0",CRYSTAL,CAL'VZ'SI,,,LE-LB KNOBS&HANDLE,70139900,AT*,192,"11,948",G,10,G,715,EUR
9007810684704,1068470,7155,"MM 30,0",CRYSTAL,,,82,LE-LB KNOBS&HANDLE,70139900,AT*,5,141,G,62,G,120,EUR
9007810684636,1068463,7150,"MM 34,0",CRYSTAL,,,82,LE-LB KNOBS&HANDLE,70139900,AT*,5,156,G,77,G,"98,5",EUR
9007810674729,1067472,7307,"MM 61,0",CRYSTAL,CAL'VZ'SI,,,LE-LB KNOBS&HANDLE,70139900,AT*,5,337,G,"280,6",G,100,EUR
9007810674712,1067471,7306,"MM 60,0",CRYSTAL,CAL'VZ'SI,,,LE-LB KNOBS&HANDLE,70139900,AT*,10,"221,2",G,"190,4",G,191,EUR
9007810673579,1067357,7301,"MM 56,0",CRYSTAL,,,,LE-LB KNOBS&HANDLE,70139900,AT*,30,"67,267",G,58,G,250,EUR
9007810673562,1067356,7130,"MM 50,0",CRYSTAL,CAL'V'SI,,,LE-LB KNOBS&HANDLE,70139900,AT*,24,"96,017",G,"84,1",G,227,EUR
9007810667516,1066751,7312,"MM 50,0",CRYSTAL,CAL'VZ'SI,,,LE-LB KNOBS&HANDLE,70139900,AT*,12,"192,5",G,"162,3",G,114,EUR
9007810673548,1067354,7120,"MM 50,0",CRYSTAL,CAL'V'SI,,,LE-LB KNOBS&HANDLE,70139900,AT*,24,"108,167",G,"95,5",G,227,EUR
9007810673531,1067353,7110,"MM 50,0",CRYSTAL,CAL'VZ'SI,,,LE-LB KNOBS&HANDLE,70139900,AT*,12,"216,667",G,"189,14",G,196,EUR
9007810673524,1067352,7100,"MM 60,0",CRYSTAL,CAL'VZ'SI,,,LE-LB KNOBS&HANDLE,70139900,AT*,5,386,G,"302,062",G,139,EUR
9007810667547,1066754,7323,"MM 48,0",CRYSTAL,,M,,LE-LB KNOBS&HANDLE,70139900,AT*,36,"66,667",G,"56,9",G,328,EUR
9007810673265,1067326,7120,"MM 20,0",JET,,,,LE-LB KNOBS&HANDLE,70139900,AT*,300,"7,904",G,"6,431",G,1220,EUR
9007810673296,1067329,7110,"MM 30,0",CRYSTAL,CAL'VZ'SI,,,LE-LB KNOBS&HANDLE,70139900,AT*,48,"44,792",G,"37,396",G,226,EUR
9007810673302,1067330,7120,"MM 30,0",CRYSTAL,CAL'SI',,,LE-LB KNOBS&HANDLE,70139900,AT*,120,"25,083",G,"21,041",G,938,EUR
9007810673319,1067331,7120,"MM 30,0",CRYSTAL,CAL'V'SI,,,LE-LB KNOBS&HANDLE,70139900,AT*,120,"25,083",G,"21,041",G,938,EUR
9007810673371,1067337,7110,"MM 40,0",CRYSTAL,CAL'VZ'SI,,,LE-LB KNOBS&HANDLE,70139900,AT*,40,"101,6",G,"95,925",G,333,EUR
9007810673388,1067338,7120,"MM 40,0",CRYSTAL,CAL'V'SI,,,LE-LB KNOBS&HANDLE,70139900,AT*,60,"59,833",G,"52,467",G,506,EUR
9007810673494,1067349,7100,"MM 30,0",CRYSTAL,CAL'VZ'SI,,,LE-LB KNOBS&HANDLE,70139900,AT*,48,"54,167",G,"43,6",G,226,EUR
9007810673517,1067351,7100,"MM 50,0",CRYSTAL,CAL'VZ'SI,,,LE-LB KNOBS&HANDLE,70139900,AT*,12,"215,652",G,"192,152",G,196,EUR
9007810673500,1067350,7100,"MM 40,0",CRYSTAL,CAL'VZ'SI,,,LE-LB KNOBS&HANDLE,70139900,AT*,40,"117,25",G,109,G,333,EUR
9007810673210,1067321,7120,"MM 14,0",CRYSTAL,CAL'SI',,,LE-LB KNOBS&HANDLE,70139900,AT,560,"2,913",G,"2,1",G,1300,EUR
9007810673203,1067320,7100,"MM 20,0",CRYSTAL,CAL'VZ'SI,,,LE-LB KNOBS&HANDLE,70139900,AT*,144,"16,056",G,"13,182",G,384,EUR
9007810667554,1066755,7322,"MM 50,0",CRYSTAL,CAL'VZ'SI,,,LE-LB KNOBS&HANDLE,70139900,AT*,36,"102,222",G,"96,698",G,341,EUR
9009652931220,5293122,7313,"MM 64,0",CRYSTAL,SILVGLAZE,,,LE-LB KNOBS&HANDLE,,,40,"60,15",G,"50,4",G,844,EUR
9009652924482,5292448,7153,"MM 34,0",CRYSTAL,,,MD305,LE-LB KNOBS&HANDLE,70139900,AT*,5,156,G,94,G,123,EUR
9009652924406,5292440,7153,"MM 34,0",CRYSTAL,,,MD304,LE-LB KNOBS&HANDLE,,,5,156,G,94,G,108,EUR
9009652924376,5292437,7153,"MM 34,0",CRYSTAL,,,MD303,LE-LB KNOBS&HANDLE,70139900,AT*,5,156,G,94,G,108,EUR
9009652924369,5292436,7153,"MM 34,0",CRYSTAL,,,MD302,LE-LB KNOBS&HANDLE,70139900,AT*,5,156,G,94,G,108,EUR
9009652410930,5241093,7313,"MM 64,0",CRYSTAL,,,,LE-LB KNOBS&HANDLE,,,40,"60,15",G,"50,4",G,734,EUR
9009652363441,5236344,7153,"MM 62,0",JET,HEMAT,,88,LE-LB KNOBS&HANDLE,70139900,AT*,5,"647,894",G,"627,894",G,229,EUR
9009652363434,5236343,7153,"MM 62,0",CRYSTAL,CHROM,,82,LE-LB KNOBS&HANDLE,70139900,AT*,5,640,G,620,G,203,EUR
9009652363427,5236342,7153,"MM 62,0",CRYSTAL,AB,,82,LE-LB KNOBS&HANDLE,70139900,AT*,5,640,G,620,G,203,EUR
9009652363410,5236341,7153,"MM 34,0",JET,HEMAT,,88,LE-LB KNOBS&HANDLE,70139900,AT*,5,"157,197",G,"95,197",G,128,EUR
9009652363403,5236340,7153,"MM 34,0",CRYSTAL,CHROM,,82,LE-LB KNOBS&HANDLE,70139900,AT*,5,156,G,94,G,113,EUR
9009652363397,5236339,7153,"MM 34,0",CRYSTAL,AB,,82,LE-LB KNOBS&HANDLE,70139900,AT*,5,156,G,94,G,113,EUR
9009652026001,5202600,7153,"MM 62,0",CRYSTAL,GOL.SHADOW,,81,LE-LB KNOBS&HANDLE,70139900,AT*,5,640,G,620,G,229,EUR
9009652025943,5202594,7153,"MM 34,0",CRYSTAL,GOL.SHADOW,,81,LE-LB KNOBS&HANDLE,70139900,AT*,5,156,G,94,G,128,EUR
9007810674682,1067468,7303,"MM 60,0",CRYSTAL,,,,LE-LB KNOBS&HANDLE,70139900,AT*,30,"64,233",G,"53,1",G,499,EUR
9009652007406,5200740,7152,"MM 50,0",CRYSTAL,,,88,LE-LB KNOBS&HANDLE,70139900,AT*,5,520,G,490,G,162,EUR
9009652007390,5200739,7152,"MM 50,0",CRYSTAL,,,82,LE-LB KNOBS&HANDLE,70139900,AT*,5,520,G,490,G,162,EUR
9009652007383,5200738,7152,"MM 50,0",CRYSTAL,,,81,LE-LB KNOBS&HANDLE,70139900,AT*,5,520,G,490,G,186,EUR
9009652007376,5200737,7152,"MM 25,0",CRYSTAL,,,88,LE-LB KNOBS&HANDLE,70139900,AT*,5,164,G,85,G,103,EUR
9009652007352,5200735,7152,"MM 25,0",CRYSTAL,,,82,LE-LB KNOBS&HANDLE,70139900,AT*,5,164,G,85,G,103,EUR
9009652007338,5200733,7152,"MM 25,0",CRYSTAL,,,81,LE-LB KNOBS&HANDLE,70139900,AT*,5,164,G,85,G,118,EUR
9007810728484,1072848,7156,"MM 40,0",CRYSTAL,,,81,LE-LB KNOBS&HANDLE,70139900,AT*,5,232,G,153,G,153,EUR
9007810728477,1072847,7156,"MM 40,0",CRYSTAL,,,82,LE-LB KNOBS&HANDLE,70139900,AT*,5,232,G,153,G,133,EUR
9007810728453,1072845,7151,"MM 62,0",CRYSTAL,,,81,LE-LB KNOBS&HANDLE,70139900,AT*,5,475,G,396,G,203,EUR
9003142093153,209315,8290,NR 801 114,LEADFREE,,,,LE-LB SPECTRA OCTAGONS 14MM,94059110,AT,1800,"1,452",G,"1,231",G,"99,3",EUR
9009650760297,5076029,,,,,,,LE-LB SPECTRA OCTAGONS 14MM,,,0,0,KG,0,KG,0,
9003142091630,209163,8290,NR 801 214,LEADFREE,,,,LE-LB SPECTRA OCTAGONS 14MM,94059110,AT,1800,"1,541",G,"1,038",G,"99,3",EUR
9003142091739,209173,8290,NR 801 224,LEADFREE,,,,LE-LB SPECTRA OCTAGONS OTHER SIZES,94059110,AT,240,"8,697",G,"7,255",G,"60,8",EUR
9003142091678,209167,8290,NR 801 218,LEADFREE,,,,LE-LB SPECTRA OCTAGONS OTHER SIZES,94059110,AT,640,"3590,506",MG,"2412,485",MG,"79,1",EUR
9003142030332,203033,8290,NR 802 618,LEADFREE,,,,LE-LB SPECTRA OCTAGONS OTHER SIZES,94059110,AT,400,"4,185",G,"3,201",G,"49,5",EUR
9003142030349,203034,8290,NR 802 622,LEADFREE,,,,LE-LB SPECTRA OCTAGONS OTHER SIZES,94059110,AT,210,"7,552",G,"5,791",G,44,EUR
9003142030356,203035,8290,NR 802 722,LEADFREE,,,,LE-LB SPECTRA OCTAGONS OTHER SIZES,94059110,AT,210,"7,405",G,"5,638",G,44,EUR
9003142036273,203627,8290,NR 802 522,LEADFREE,,,,LE-LB SPECTRA OCTAGONS OTHER SIZES,94059110,AT,210,"7,551",G,"5,791",G,44,EUR
9003142091654,209165,8290,NR 801 216,LEADFREE,,,,LE-LB SPECTRA OCTAGONS OTHER SIZES,94059110,AT,900,"2,467",G,"2,035",G,"79,5",EUR
9003142091753,209175,8290,NR 801 226,LEADFREE,,,,LE-LB SPECTRA OCTAGONS OTHER SIZES,94059110,AT,200,"10,165",G,"8,566",G,"61,3",EUR
9003142091777,209177,8290,NR 801 230,LEADFREE,,,,LE-LB SPECTRA OCTAGONS OTHER SIZES,94059110,XS,125,"16,359",G,"13,803",G,"56,1",EUR
9003142091791,209179,8290,NR 801 232,LEADFREE,,,,LE-LB SPECTRA OCTAGONS OTHER SIZES,94059110,XS,125,"19,77",G,"17,213",G,"67,9",EUR
9003142091814,209181,8290,NR 801 212,LEADFREE,,,,LE-LB SPECTRA OCTAGONS OTHER SIZES,94059110,AT,2200,"1,024",G,"0,828",G,106,EUR
9003142092248,209224,8290,NR 801 228,LEADFREE,,,,LE-LB SPECTRA OCTAGONS OTHER SIZES,94059110,AT,150,"12,837",G,"10,706",G,"55,6",EUR
9003142093139,209313,8290,NR 801 112,LEADFREE,,,,LE-LB SPECTRA OCTAGONS OTHER SIZES,94059110,AT,2200,"1,06",G,"0,861",G,106,EUR
9003142093177,209317,8290,NR 801 116,LEADFREE,,,,LE-LB SPECTRA OCTAGONS OTHER SIZES,94059110,AT,900,"2,416",G,"1,979",G,"79,5",EUR
9003142093191,209319,8290,NR 801 118,LEADFREE,,,,LE-LB SPECTRA OCTAGONS OTHER SIZES,94059110,AT,640,"3,433",G,"2,855",G,"79,1",EUR
9003142093214,209321,8290,NR 801 120,LEADFREE,,,,LE-LB SPECTRA OCTAGONS OTHER SIZES,94059110,AT,420,"4,971",G,"4,086",G,"72,7",EUR
9003142093238,209323,8290,NR 801 122,LEADFREE,,,,LE-LB SPECTRA OCTAGONS OTHER SIZES,94059110,AT,350,"6,218",G,"5,156",G,"73,3",EUR
9003142091715,209171,8290,NR 801 222,LEADFREE,,,,LE-LB SPECTRA OCTAGONS OTHER SIZES,94059110,AT,350,"6,365",G,"5,268",G,"73,3",EUR
9003142091692,209169,8290,NR 801 220,LEADFREE,,,,LE-LB SPECTRA OCTAGONS OTHER SIZES,94059110,AT,420,"5,047",G,"4,167",G,"72,7",EUR
9003142932315,293231,8290,NR 855 150,LEADFREE,,,,LE-LB SPECTRA BALLS,94059110,AT*,12,"185,604",G,"162,1",G,"69,5",EUR
9003142494271,249427,8290,NR 855 140,LEADFREE,,,,LE-LB SPECTRA BALLS,94059110,XS,40,"91,135",G,"83,982",G,136,EUR
9003142494264,249426,8290,NR 855 130,LEADFREE,,,,LE-LB SPECTRA BALLS,94059110,AT,48,"40,289",G,"33,598",G,"84,1",EUR
9003142494257,249425,8290,NR 855 120,LEADFREE,,,,LE-LB SPECTRA BALLS,94059110,AT,144,"13,032",G,"10,206",G,130,EUR
9009650760310,5076031,,,,,,,LE-LB SPECTRA BALLS,,,0,0,KG,0,KG,0,
9003141959597,195959,8290,NR 855 040,LEADFREE,,,,LE-LB SPECTRA BALLS,94059110,AT*,40,"84,509",G,"77,362",G,136,EUR
9003141959580,195958,8290,NR 855 020,LEADFREE,,,,LE-LB SPECTRA BALLS,94059110,AT,144,"11,894",G,"9,218",G,130,EUR
9003141959573,195957,8290,NR 855 030,LEADFREE,,,,LE-LB SPECTRA BALLS,94059110,AT,48,"38,064",G,"31,378",G,"84,1",EUR
9009650760280,5076028,,,,,,,LE-LB SPECTRA OCTAGONS OTHER SIZES,,,0,0,KG,0,KG,0,
